{"color":"DEFAULT","isTrashed":false,"isPinned":false,"isArchived":true,"annotations":[{"description":"Then, turning to his disciples, Jesus said, \u201cThat is why I tell you not to worry about everyday life\u2014whether you have enough food to eat or enough clothes to wear. For life is more than food, and your","source":"WEBLINK","title":"Luke 12:22-34 Then, turning to his disciples, Jesus said, \u201cThat is why I tell you not to worry about everyday life\u2014whether you have enough food to eat or enough clothes to wear. For life is more than food, and your | New Living Translation (NLT) | Download The Bible App Now","url":"https://www.bible.com/bible/116/LUK.12.22-34.NLT"},{"description":"\u201cThat is why I tell you not to worry about everyday life\u2014whether you have enough food and drink, or enough clothes to wear. Isn\u2019t life more than food, and your body more than clothing? Look at the bir","source":"WEBLINK","title":"Matthew 6:25-34 \u201cThat is why I tell you not to worry about everyday life\u2014whether you have enough food and drink, or enough clothes to wear. Isn\u2019t life more than food, and your body more than clothing? Look at the bir | New Living Translation (NLT) | Download The Bible App Now","url":"https://www.bible.com/bible/116/MAT.6.25-34.NLT"}],"textContent":"\u201cThat is why I tell you not to worry about everyday life\u2014whether you have enough food and drink, or enough clothes to wear. Isn\u2019t life more than food, and your body more than clothing?  Look at the birds. They don\u2019t plant or harvest or store food in barns, for your heavenly Father feeds them. And aren\u2019t you far more valuable to him than they are?  Can all your worries add a single moment to your life? \u201cAnd why worry about your clothing? Look at the lilies of the field and how they grow. They don\u2019t work or make their clothing,  yet Solomon in all his glory was not dressed as beautifully as they are.  And if God cares so wonderfully for wildflowers that are here today and thrown into the fire tomorrow, he will certainly care for you. Why do you have so little faith? \u201cSo don\u2019t worry about these things, saying, \u2018What will we eat? What will we drink? What will we wear?\u2019  These things dominate the thoughts of unbelievers, but your heavenly Father already knows all your needs.  Seek the Kingdom of God above all else, and live righteously, and he will give you everything you need. \u201cSo don\u2019t worry about tomorrow, for tomorrow will bring its own worries. Today\u2019s trouble is enough for today.\nMatthew 6:25\u202d-\u202c34 NLT\nhttps://bible.com/bible/116/mat.6.25-34.NLT\n\n\nThen, turning to his disciples, Jesus said, \u201cThat is why I tell you not to worry about everyday life\u2014whether you have enough food to eat or enough clothes to wear.  For life is more than food, and your body more than clothing.  Look at the ravens. They don\u2019t plant or harvest or store food in barns, for God feeds them. And you are far more valuable to him than any birds!  Can all your worries add a single moment to your life?  And if worry can\u2019t accomplish a little thing like that, what\u2019s the use of worrying over bigger things? \u201cLook at the lilies and how they grow. They don\u2019t work or make their clothing, yet Solomon in all his glory was not dressed as beautifully as they are.  And if God cares so wonderfully for flowers that are here today and thrown into the fire tomorrow, he will certainly care for you. Why do you have so little faith? \u201cAnd don\u2019t be concerned about what to eat and what to drink. Don\u2019t worry about such things.  These things dominate the thoughts of unbelievers all over the world, but your Father already knows your needs.  Seek the Kingdom of God above all else, and he will give you everything you need. \u201cSo don\u2019t be afraid, little flock. For it gives your Father great happiness to give you the Kingdom. \u201cSell your possessions and give to those in need. This will store up treasure for you in heaven! And the purses of heaven never get old or develop holes. Your treasure will be safe; no thief can steal it and no moth can destroy it.  Wherever your treasure is, there the desires of your heart will also be.\nLuke 12:22\u202d-\u202c34 NLT\nhttps://bible.com/bible/116/luk.12.22-34.NLT","title":"","userEditedTimestampUsec":1591214484570000,"createdTimestampUsec":1589936599363000}