{"color":"DEFAULT","isTrashed":false,"isPinned":false,"isArchived":true,"annotations":[{"description":"Qualtrics sophisticated online survey software solutions make creating online surveys easy. Learn more about Research Suite and get a free account today.","source":"WEBLINK","title":"2020 AP Student Make-Up Test Request Form","url":"https://education.co1.qualtrics.com/jfe/form/SV_1B9R7XJa9dXaQBv"}],"textContent":"cb.org/requestmakeup\n","title":"","userEditedTimestampUsec":1591214487100000,"createdTimestampUsec":1589228357784000}