{"color":"DEFAULT","isTrashed":false,"isPinned":false,"isArchived":true,"annotations":[{"description":"Zoom is the leader in modern enterprise video communications, with an easy, reliable cloud platform for video and audio conferencing, chat, and webinars across mobile, desktop, and room systems. Zoom Rooms is the original software-based conference room solution used around the world in board, conference, huddle, and training rooms, as well as executive offices and classrooms. Founded in 2011, Zoom helps businesses and organizations bring their teams together in a frictionless environment to get more done. Zoom is a publicly traded company headquartered in San Jose, CA.","source":"WEBLINK","title":"Join our Cloud HD Video Meeting","url":"https://us04web.zoom.us/j/5021896187?pwd=SVNSQWhkZDIrS2hhL2diU3VmVFYzZz09"}],"textContent":"Click https://us04web.zoom.us/j/5021896187?pwd=SVNSQWhkZDIrS2hhL2diU3VmVFYzZz09 to join a Zoom meeting","title":"","userEditedTimestampUsec":1591214482064000,"createdTimestampUsec":1590101531298000}