{"color":"DEFAULT","isTrashed":false,"isPinned":false,"isArchived":true,"annotations":[{"description":"She is clothed with strength and dignity,\nand she laughs without fear of the future.\nWhen she speaks, her words are wise,\nand she gives instructions with kindness.\nShe carefully watches everything in","source":"WEBLINK","title":"Proverbs 31:25-31 She is clothed with strength and dignity, and she laughs without fear of the future. When she speaks, her words are wise, and she gives instructions with kindness. She carefully watches everything in | New Living Translation (NLT) | Download The Bible App Now","url":"https://www.bible.com/bible/116/PRO.31.25-31.NLT"}],"textContent":"Proverbs 31:25-31 NLT\nShe is clothed with strength and dignity, and she laughs without fear of the future. [26] When she speaks, her words are wise, and she gives instructions with kindness. [27] She carefully watches everything in her household and suffers nothing from laziness. [28] Her children stand and bless her. Her husband praises her: [29] \"There are many virtuous and capable women in the world, but you surpass them all!\" [30] Charm is deceptive, and beauty does not last; but a woman who fears the LORD will be greatly praised. [31] Reward her for all she has done. Let her deeds publicly declare her praise.\n\nHappy Mother's Day Mommy! I love you soo much mommy 😢💗💖! Thank you mommy for all the sacrifices you make for us! Thank you for taking care of us! ","title":"","userEditedTimestampUsec":1591214486953000,"createdTimestampUsec":1589119310270000}