{"color":"DEFAULT","isTrashed":false,"isPinned":false,"isArchived":true,"textContent":"God does not change\n\nDon't put your hope in your circumstance. Don't put your hope in man. Put your hope in God. Anchor it in that which is immovable... God. The same God who was faithful in the past will be faithful in the future. Place your hope in God no matter what. He is faithful!\n\nYou do no lie, you don't not fail. There is no problem to big for you to solve. There is nothing to hard for you to do.\n\nPsalms 42:5","title":"","userEditedTimestampUsec":1591214489483000,"createdTimestampUsec":1589083357585000}