{"color":"DEFAULT","isTrashed":false,"isPinned":false,"isArchived":true,"textContent":"Ideas for the week of May 15th\n30 minutes\n\n* Learn how to play Everlasting God by Lincoln Brewster\n\n* Galanthus Update Character Summaries\n\n* Replan the Whole Story\n\n* Get Back Habitica and use to reward go behavior with games\n\n* Learn how to make a pong game in python\nFollow tutorial, then do it myself from scratch\n\n* Read Not yet married\n\n* Read Confessions\n\n* Read CS Lewis\n\n* Read Princess X","title":"","userEditedTimestampUsec":1621132255731000,"createdTimestampUsec":1621131617589000}