{"color":"DEFAULT","isTrashed":false,"isPinned":false,"isArchived":false,"listContent":[{"text":"kjjjjjjjjjjjjjjjjjjjjjjjjjjjjjjjjjjjjjjl","isChecked":false},{"text":"mmslmc","isChecked":false},{"text":"sdcd","isChecked":false},{"text":"svms","isChecked":false},{"text":"dmds","isChecked":false},{"text":"vmdsvdsm","isChecked":false},{"text":"vmsdv","isChecked":false},{"text":"sdmvdvsd","isChecked":false}],"title":"","userEditedTimestampUsec":1671717950993000,"createdTimestampUsec":1671717925968000,"labels":[{"name":"dbgdfg"}]}