{"color":"DEFAULT","isTrashed":false,"isPinned":false,"isArchived":true,"textContent":"I didnt have much faith left that I could live in freedom(because I was looking to my works instead of Christ's), so I didn't bother to attempt it because I knew I go back\nI was sinning willful and gave up trying to fight it.  I was living in sin and doing whatever I pleased.\nI was working two long jobs and used work as an excuse to hide and continue in sin\nI was idolizing physical possessions, money, clothes, and games\nI've been sexually immoral \nI was being stubborn and prideful to confess my sins. \nI was procrastinating on bringing my sins to the light. ","title":"","userEditedTimestampUsec":1650840456984000,"createdTimestampUsec":1631992946679000}