{"color":"DEFAULT","isTrashed":false,"isPinned":false,"isArchived":true,"annotations":[{"description":"Watch this quick video to learn the most compact packing techniques out there. Using the methods taught in this video will allow you to take more clothes wit...","source":"WEBLINK","title":"6 AMAZINGLY Compact Ways to Fold Clothes for Packing PART TWO","url":"https://www.youtube.com/watch?v=84LtRsstGl8"}],"textContent":"Folding Cloths\nhttps://youtu.be/84LtRsstGl8","title":"Back to School","userEditedTimestampUsec":1650840465073000,"createdTimestampUsec":1628223688127000}