{"color":"DEFAULT","isTrashed":false,"isPinned":false,"isArchived":false,"annotations":[{"description":"","source":"DOCS","title":"Untitled document","url":"https://docs.google.com/document/d/1uU4p0IV69MHQHwXfuGbri_5vwTjYcYdfLVlq_kbpzlg/edit"}],"textContent":"He is an ambitious photojournalist how has recently graduated college and is looking to get his hands wet! He has been in loved with photography since he was young. He used to play with his parents camera. He has traveled around the world for internships and studying abroad. He picked up many skills because of this.\n\nHe is very out going, compassionate, empathetic, and very passionate about injustice.\n\nHe is looking for a big story to get himself out there and establish a good reputation in the industry. When he gets a lead from an anonymous source he is immediately upset and starts to write a report on it. But the lab has good lawyers and is able to cover it up. So as a last resort Givvins decides to break in and get photo evidence.\n\n","title":"Ben \"Benjamin\" Jaime Givvins Cheat Sheet","userEditedTimestampUsec":1650854368059000,"createdTimestampUsec":1650841010664000}