{"color":"DEFAULT","isTrashed":false,"isPinned":false,"isArchived":true,"listContent":[{"text":"Clothing","isChecked":false},{"text":"Clothes1️\u20e3","isChecked":false},{"text":"Hangers ","isChecked":false},{"text":"Shoe rack**","isChecked":false},{"text":"Shoes","isChecked":false},{"text":"Hats","isChecked":false},{"text":"Shower Supplies ","isChecked":false},{"text":"Towels x21️\u20e3","isChecked":false},{"text":"Cleaning supplies: wipes, spray, sponge","isChecked":false},{"text":"Soap","isChecked":false},{"text":"Tooth brushes and paste 1️\u20e3","isChecked":false},{"text":"Hampers","isChecked":false},{"text":"Kitchen","isChecked":false},{"text":"Dishes & silverware","isChecked":false},{"text":"Dish soap1️\u20e3","isChecked":false},{"text":"Medicine 1️\u20e3","isChecked":false},{"text":"Bedroom","isChecked":false},{"text":"Alarm clock**","isChecked":false},{"text":"Lamp","isChecked":false},{"text":"Twin bedding","isChecked":false},{"text":"Misc","isChecked":false},{"text":"Camera Gear","isChecked":false},{"text":"School Supplies","isChecked":false},{"text":"Laptop & bag","isChecked":false}],"title":"Bringing","userEditedTimestampUsec":1650840450879000,"createdTimestampUsec":1628217854259000}