{"color":"DEFAULT","isTrashed":false,"isPinned":false,"isArchived":true,"annotations":[{"description":"Set up the Spotify trigger, and make magic happen automatically in YouTube. Zapier's automation tools make it easy to connect Spotify and YouTube. Come try it. It's free.","source":"WEBLINK","title":"Connect Spotify to YouTube: Integration + Automation | Zapier","url":"https://zapier.com/apps/spotify/integrations/youtube"}],"textContent":"https://zapier.com/apps/spotify/integrations/youtube","title":"Connect Spotify to YouTube: Integration + Automation | Zapier","userEditedTimestampUsec":1591214484499000,"createdTimestampUsec":1589555326540000}