{"color":"DEFAULT","isTrashed":false,"isPinned":false,"isArchived":false,"textContent":"Doctor Kontigo\n    He is our exposition spewer. He shows us around the lab and acts as a mentor to Givvins. He is that head scientist. He discovers that Givvins is an imposer. He is the one that sends Commander Panther after him\n\nCommander Panther\n   We are introduced to him during tour of the various subjects. He is the peak solider and an example of what the labs experiments can accomplish. He has increased muscles. He can jump super high, run super fast, and lift very much. He also has heightened senses and sharp claws and teeth.","title":"Minor Characters Cheat Sheet","userEditedTimestampUsec":1650845177409000,"createdTimestampUsec":1650844753140000}