{"color":"DEFAULT","isTrashed":false,"isPinned":false,"isArchived":true,"listContent":[{"text":"Shower supplies ","isChecked":false},{"text":"Shower Caddy?","isChecked":false},{"text":"Technology ","isChecked":false},{"text":"Surge protector min 6","isChecked":false},{"text":"School Supplies","isChecked":true},{"text":"Backpack ","isChecked":true},{"text":"Tape ","isChecked":true},{"text":"Rubber bands","isChecked":true},{"text":"Scissors ","isChecked":true},{"text":"Index cards","isChecked":true},{"text":"Bike lock","isChecked":true},{"text":"Glue","isChecked":true},{"text":"Toothpaste ","isChecked":true},{"text":"Hamper/landuary basket","isChecked":true},{"text":"Body soap","isChecked":true},{"text":"Tooth brush ","isChecked":true},{"text":"Alarm clock","isChecked":true}],"title":"Potential Needs","userEditedTimestampUsec":1650840453332000,"createdTimestampUsec":1628215124162000}