{"color":"DEFAULT","isTrashed":false,"isPinned":true,"isArchived":false,"annotations":[{"description":"","source":"DOCS","title":"Untitled document","url":"https://docs.google.com/document/d/1uU4p0IV69MHQHwXfuGbri_5vwTjYcYdfLVlq_kbpzlg/edit"}],"listContent":[{"text":"Ben Givvins thoughts of his life up to this point and why he is breaking into this lab. He takes cover as an intern who he beat up. ~ pg 1, 2, 3","isChecked":false},{"text":"Givvins describing the inside of the lab and secretly taking pictures. ~ pg 4, 5","isChecked":false},{"text":"Givvins being introduced to Subject C during her daily checkup and is assigned to monitor her and send her to her cell. In her cell, he reveals his identity to her and earns her trust. ~ pg 6 , 7, 8","isChecked":false},{"text":"Givvins cover is exposed so he and Subject C help each other escape the lab. ~ pg 9","isChecked":false}],"title":"Story Check Points","userEditedTimestampUsec":1659677624757000,"createdTimestampUsec":1650840744614000}