{"color":"DEFAULT","isTrashed":false,"isPinned":false,"isArchived":false,"textContent":"* Pacing her room restless and eager to get active, sometimes she takes a nap and enjoys the artificial sunlight and breeze\n* She is allowed to run around the lab huge track. She thinks she is being allowed to be free, but really during this time, the scientist are examining her and running tests\n* She is then allowed to eat a hug meal with her peers before being sent back to her room","title":"Subject C Daily Schedule","userEditedTimestampUsec":1650844464500000,"createdTimestampUsec":1650844095444000}