{"color":"DEFAULT","isTrashed":false,"isPinned":false,"isArchived":false,"annotations":[{"description":"","source":"DOCS","title":"Untitled document","url":"https://docs.google.com/document/d/1uU4p0IV69MHQHwXfuGbri_5vwTjYcYdfLVlq_kbpzlg/edit"}],"textContent":"Has notable markings on her forehead and arms similar to cheetah spots, these are actually implants. She has brown skin and dirty blond hair. She also has sharp nail, pointy teeth and pointy ears. She is very restless. She enjoys running, its the only time she gets to feel free. She has always felt like there was more to life than this facility she called home. But she didn't know the way out and became complacent. But when Givvins shows up and confirms her suspicions that there is more to life than this, she falls in love and runs away with him.\n\nShe is called subject C because her implants have granted her cheetah physiology. She can run at speeds of 50mph fairly consistently. She can push 70 mph but only for quick bursts at a time. She also has heightened senses and strength. Most of her strength is in her legs however. ","title":"Subject C Cheat Sheet","userEditedTimestampUsec":1650918163577000,"createdTimestampUsec":1650841764047000}