{"color":"DEFAULT","isTrashed":false,"isPinned":false,"isArchived":true,"textContent":"Romans 13:12-14 NLT\nThe night is almost gone; the day of salvation will soon be here. So remove your dark deeds like dirty clothes, and put on the shining armor of right living. Because we belong to the day, we must live decent lives for all to see. Don\u2019t participate in the darkness of wild parties and drunkenness, or in sexual promiscuity and immoral living, or in quarreling and jealousy. Instead, clothe yourself with the presence of the Lord Jesus Christ. And don\u2019t let yourself think about ways to indulge your evil desires.\n1 Thessalonians 5:22 NLT\nStay away from every kind of evil.\nColossians 3:5 NLT\nSo put to death the sinful, earthly things lurking within you. Have nothing to do with sexual immorality, impurity, lust, and evil desires. Don\u2019t be greedy, for a greedy person is an idolater, worshiping the things of this world.","title":"Verses of Sexual Immority ","userEditedTimestampUsec":1591214494751000,"createdTimestampUsec":1588738686656000}